{"H": -0.497311388804, "He": -2.886001303629, "Li": -7.438943611544, "C": -37.64269644992, "N": -54.295462727225, "O": -74.660293277123, "F": -99.182166194876}