{"C": -1.7932963713649235, "H": -0.3934827639359724, "O": -3.767606950375682, "N": -2.6058241612788278, "Li": -0.18007168657517492, "F": -4.619339964237827}